;PW. LEVEL;TYPE;1;2;3;4;5;6;7;8;9;10;11;12;13;14;15;16;17;18;19;20;21;22;23;24;25;26;27;28;29;30;31;32;33;34;35;36;37;38;39;40;41;42;43;44;45;46;47;48;49;50;51;52;53;54;55;56;57;58;59;60;61;62;63;64;65;66;67;68;69;70;71;72;73;74;75;76;77;78;79;80;81;82;83;84;85;86;87;88;89;90;91;92;93;94;95;96;97;98;99
PW. LEVEL;X;X;;;;;;;;;;;;;;;;;;;;;;;;;;;;;;;;;;;;;;;;;;;;;;;;;;;;;;;;;;;;;;;;;;;;;;;;;;;;;;;;;;;;;;;;;;;;;;;;;;;
g_ACfg.Name;X;STRING;Universal Garment;Universal Garment 2;Heavy;Heavy2;Micro;Bib Overall Thick;;;;Trousers Fix;;;;;;;;;;;;;;;;;;;;;;;;;;;;;;;;;;;;;;;;;;;;;;;;;;;;;;;;;;;;;;;;;;;;;;;;;;;;;;;;;;;;;;;;;Unknown. No Read
g_ACfg.WaitTimeInlet;X;UINT;0;0;0;0;0;0;0;0;0;0;0;0;0;0;0;0;0;0;0;0;0;0;0;0;0;0;0;0;0;0;0;0;0;0;0;0;0;0;0;0;0;0;0;0;0;0;0;0;0;0;0;0;0;0;0;0;0;0;0;0;0;0;0;0;0;0;0;0;0;0;0;0;0;0;0;0;0;0;0;0;0;0;0;0;0;0;0;0;0;0;0;0;0;0;0;0;0;0;0
g_ACfg.VacuumEnabled;X;BOOL;1;0;1;1;0;1;1;0;0;0;0;0;0;0;0;0;0;0;0;0;0;0;0;0;0;0;0;0;0;0;0;0;0;0;0;0;0;0;0;0;0;0;0;0;0;0;0;0;0;0;0;0;0;0;0;0;0;0;0;0;0;0;0;0;0;0;0;0;0;0;0;0;0;0;0;0;0;0;0;0;0;0;0;0;0;0;0;0;0;0;0;0;0;0;0;0;0;0;0
g_ACfg.VacuumFlapDelayOn;X;UINT;300;0;300;0;0;0;300;0;0;0;0;0;0;0;0;0;0;0;0;0;0;0;0;0;0;0;0;0;0;0;0;0;0;0;0;0;0;0;0;0;0;0;0;0;0;0;0;0;0;0;0;0;0;0;0;0;0;0;0;0;0;0;0;0;0;0;0;0;0;0;0;0;0;0;0;0;0;0;0;0;0;0;0;0;0;0;0;0;0;0;0;0;0;0;0;0;0;0;0
g_ACfg.VacuumFlapDelayOff;X;UINT;500;0;500;0;0;0;500;0;0;0;0;0;0;0;0;0;0;0;0;0;0;0;0;0;0;0;0;0;0;0;0;0;0;0;0;0;0;0;0;0;0;0;0;0;0;0;0;0;0;0;0;0;0;0;0;0;0;0;0;0;0;0;0;0;0;0;0;0;0;0;0;0;0;0;0;0;0;0;0;0;0;0;0;0;0;0;0;0;0;0;0;0;0;0;0;0;0;0;0
g_ACfg.SwingDelay;X;UINT;200;200;200;200;200;200;200;600;600;200;600;600;600;600;600;600;600;600;600;600;600;600;600;600;600;600;600;600;600;600;600;600;600;600;600;600;600;600;600;600;600;600;600;600;600;600;600;600;600;600;600;600;600;600;600;600;600;600;600;600;600;600;600;600;600;600;600;600;600;600;600;600;600;600;1200;1200;1200;600;600;600;600;600;600;600;600;600;600;600;600;600;600;600;600;600;600;600;600;600;200
g_ACfg.TShirtBlowDelay[0];X;UINT;250;0;250;0;250;0;0;350;450;0;450;450;450;450;450;450;450;450;450;450;450;350;350;450;450;450;300;350;350;350;350;350;350;350;350;350;275;450;450;450;450;450;450;450;450;450;450;450;450;450;450;450;450;450;450;450;450;450;450;450;450;450;450;450;450;450;450;450;450;450;450;450;450;450;0;0;0;450;450;450;450;450;450;450;450;450;450;450;450;450;450;450;450;450;450;450;450;450;450
g_ACfg.TShirtBlowDelay[1];X;UINT;100;0;100;0;100;0;0;175;200;0;200;200;200;200;200;200;200;200;200;200;200;175;150;200;200;200;175;150;150;150;150;150;150;150;200;200;150;200;200;200;200;200;200;200;200;200;200;200;200;200;200;200;200;200;200;200;200;200;200;200;200;200;200;200;200;200;200;200;200;200;200;200;200;200;0;0;0;200;200;200;200;200;200;200;200;200;200;200;200;200;200;200;200;200;200;200;200;200;200
g_ACfg.TShirtBlowOnTime[0];X;UINT;150;0;200;0;100;0;0;100;150;0;150;150;150;150;150;150;150;150;150;150;150;150;150;150;150;150;150;150;100;200;300;150;150;150;150;150;150;150;150;150;150;150;150;150;150;150;150;150;150;150;150;150;150;150;150;150;150;150;150;150;150;150;150;150;150;150;150;150;150;150;150;150;150;150;0;0;0;150;150;150;150;150;150;150;150;150;150;150;150;150;150;150;150;150;150;150;150;150;150
g_ACfg.TShirtBlowOnTime[1];X;UINT;150;0;200;0;100;0;0;100;150;0;150;150;150;150;150;150;150;150;150;150;150;150;150;150;150;150;125;150;100;200;300;150;150;150;150;150;150;150;150;150;150;150;150;150;150;150;150;150;150;150;150;150;150;150;150;150;150;150;150;150;150;150;150;150;150;150;150;150;150;150;150;150;150;150;0;0;0;150;150;150;150;150;150;150;150;150;150;150;150;150;150;150;150;150;150;150;150;150;150
g_ACfg.ArmBlowDelay[0];X;UINT;250;250;250;250;250;0;740;400;580;400;580;580;580;580;580;580;580;580;580;580;580;400;400;580;580;580;400;400;400;400;400;400;400;400;400;375;375;580;580;580;580;580;580;580;580;580;580;580;580;580;580;580;580;580;580;580;580;580;580;580;580;580;580;580;580;580;580;580;580;580;580;580;580;580;740;740;740;580;580;580;580;580;580;580;580;580;580;580;580;580;580;580;580;580;580;580;580;580;580
g_ACfg.ArmBlowDelay[1];X;UINT;100;100;100;100;100;0;700;200;325;300;325;325;325;325;325;325;325;325;325;325;325;200;200;325;325;325;200;200;200;200;200;200;200;200;200;275;200;325;325;325;325;325;325;325;325;325;325;325;325;325;325;325;325;325;325;325;325;325;325;325;325;325;325;325;325;325;325;325;325;325;325;325;325;325;700;700;700;325;325;325;325;325;325;325;325;325;325;325;325;325;325;325;325;325;325;325;325;325;325
g_ACfg.ArmBlowOnTime[0];X;UINT;20;75;100;400;50;0;200;200;100;75;100;100;100;100;100;100;100;100;100;100;100;150;200;100;100;100;200;200;100;175;0;175;175;175;150;175;175;100;100;100;100;100;100;100;100;100;100;100;100;100;100;100;100;100;100;100;100;100;100;100;100;100;100;100;100;100;100;100;100;100;100;100;100;100;370;370;370;100;100;100;100;100;100;100;100;100;100;100;100;100;100;100;100;100;100;100;100;100;30
g_ACfg.ArmBlowOnTime[1];X;UINT;20;75;100;350;50;0;200;200;100;75;100;100;100;100;100;100;100;100;100;100;100;150;175;100;100;100;175;250;100;200;0;175;175;175;100;175;250;100;100;100;100;100;100;100;100;100;100;100;100;100;100;100;100;100;100;100;100;100;100;100;100;100;100;100;100;100;100;100;100;100;100;100;100;100;300;300;300;100;100;100;100;100;100;100;100;100;100;100;100;100;100;100;100;100;100;100;100;100;30
g_ACfg.InFeedBeltStartDelay;X;UINT;400;400;400;300;300;400;300;400;400;400;400;400;400;400;400;400;400;400;400;400;400;400;400;400;400;400;400;400;400;400;400;400;400;400;400;400;400;400;400;400;400;400;400;400;400;400;400;400;400;400;400;400;400;400;400;400;400;400;400;400;400;400;400;400;400;400;400;400;400;400;400;400;400;400;300;300;300;400;400;400;400;400;400;400;400;400;400;400;400;400;400;400;400;400;400;400;400;400;400
g_ACfg.InFeedBeltOnTime;X;UINT;300;300;300;300;300;300;300;300;300;300;300;300;300;300;300;300;300;300;300;300;300;300;300;300;300;300;300;300;300;300;300;300;300;300;300;300;300;300;300;300;300;300;300;300;300;300;300;300;300;300;300;300;300;300;300;300;300;300;300;300;300;300;300;300;300;300;300;300;300;300;300;300;300;300;300;300;300;300;300;300;300;300;300;300;300;300;300;300;300;300;300;300;300;300;300;300;300;300;300
g_ACfg.InFeedBeltStopDelay;X;UINT;500;100;100;100;100;100;100;100;100;100;100;100;100;100;100;100;100;100;100;100;100;100;100;100;100;100;100;100;100;100;100;100;100;100;100;100;100;100;100;100;100;100;100;100;100;100;100;100;100;100;100;100;100;100;100;100;100;100;100;100;100;100;100;100;100;100;100;100;100;100;100;100;100;100;100;100;100;100;100;100;100;100;100;100;100;100;100;100;100;100;100;100;100;100;100;100;100;100;100
g_ACfg.InFeedBeltStopTime;X;UINT;1000;1000;1000;1000;1000;1000;1000;1000;1000;1000;1000;1000;1000;1000;1000;1000;1000;1000;1000;1000;1000;1000;1000;1000;1000;1000;1000;1000;1000;1000;1000;1000;1000;1000;1000;1000;1000;1000;1000;1000;1000;1000;1000;1000;1000;1000;1000;1000;1000;1000;1000;1000;1000;1000;1000;1000;1000;1000;1000;1000;1000;1000;1000;1000;1000;1000;1000;1000;1000;1000;1000;1000;1000;1000;1000;1000;1000;1000;1000;1000;1000;1000;1000;1000;1000;1000;1000;1000;1000;1000;1000;1000;1000;1000;1000;1000;1000;1000;1000
g_ACfg.InFeedStopOnTrousers;X;UINT;2;0;0;0;0;0;0;0;0;0;0;0;0;0;0;0;0;0;0;0;0;0;0;0;0;1;0;0;0;0;0;0;0;0;0;0;0;0;0;0;0;0;0;0;0;0;0;0;0;0;0;0;0;0;0;0;0;0;0;0;0;0;0;0;0;0;0;0;0;0;0;0;0;0;0;0;0;0;0;0;0;0;0;0;0;0;0;0;0;0;0;0;0;0;0;0;0;0;0
g_ACfg.HangerBeltQuickStart;X;BOOL;0;0;0;0;0;0;0;0;0;0;0;0;0;0;0;0;0;0;0;0;0;0;0;0;0;0;0;0;0;0;0;0;0;0;0;0;0;0;0;0;0;0;0;0;0;0;0;0;0;0;0;0;0;0;0;0;0;0;0;0;0;0;0;0;0;0;0;0;0;0;0;0;0;0;0;0;0;0;0;0;0;0;0;0;0;0;0;0;0;0;0;0;0;0;0;0;0;0;0
g_ACfg.DeloaderDwPos;X;INT;0;0;0;0;0;0;0;0;0;0;0;0;0;0;0;0;0;0;0;0;0;0;0;0;0;0;0;0;0;0;0;0;0;0;0;0;0;0;0;0;0;0;0;0;0;0;0;0;0;0;0;0;0;0;0;0;0;0;0;0;0;0;0;0;0;0;0;0;0;0;0;0;0;0;0;0;0;0;0;0;0;0;0;0;0;0;0;0;0;0;0;0;0;0;0;0;0;0;0
g_ACfg.DeloaderSpeedUpPct;X;USINT;0;0;0;0;0;0;0;0;0;0;0;0;0;0;0;0;0;0;0;0;0;0;0;0;0;0;0;0;0;0;0;0;0;0;0;0;0;0;0;0;0;0;0;0;0;0;0;0;0;0;0;0;0;0;0;0;0;0;0;0;0;0;0;0;0;0;0;0;0;0;0;0;0;0;0;0;0;0;0;0;0;0;0;0;0;0;0;0;0;0;0;0;0;0;0;0;0;0;0
g_ACfg.DeloaderAccUpPct;X;USINT;0;0;0;0;0;0;0;0;0;0;0;0;0;0;0;0;0;0;0;0;0;0;0;0;0;0;0;0;0;0;0;0;0;0;0;0;0;0;0;0;0;0;0;0;0;0;0;0;0;0;0;0;0;0;0;0;0;0;0;0;0;0;0;0;0;0;0;0;0;0;0;0;0;0;0;0;0;0;0;0;0;0;0;0;0;0;0;0;0;0;0;0;0;0;0;0;0;0;0
g_ACfg.SpeedHzHangerBelt;X;UINT;0;0;0;0;0;0;0;0;650;700;0;0;0;0;0;0;0;0;0;0;650;700;0;700;750;750;650;0;750;0;0;0;0;0;0;650;650;0;0;0;0;0;0;0;0;0;0;0;0;0;0;0;0;0;0;0;0;0;0;0;0;0;0;0;0;0;0;0;0;0;0;0;0;0;0;0;0;0;0;0;0;0;0;0;0;0;0;0;0;0;0;0;0;0;0;0;0;0;0
g_ACfg.SpeedSlowHangerBeltDeloader;X;UINT;0;0;0;0;0;0;0;0;500;550;0;0;0;0;0;0;0;0;0;0;550;550;0;0;700;700;500;0;700;0;0;0;0;0;0;500;500;0;0;0;0;0;0;0;0;0;0;0;0;0;0;0;0;0;0;0;0;0;0;0;0;0;0;0;0;0;0;0;0;0;0;0;0;0;0;0;0;0;0;0;0;0;0;0;0;0;0;0;0;0;0;0;0;0;0;0;0;0;0
g_ACfg.DelayTrouserBlast;X;UINT;0;0;0;0;0;0;0;0;0;0;0;0;0;0;0;0;0;0;0;0;0;0;0;0;0;0;0;0;0;0;0;0;0;0;0;0;0;0;0;0;0;0;0;0;0;0;0;0;0;0;0;0;0;0;0;0;0;0;0;0;0;0;0;0;0;0;0;0;0;0;0;0;0;0;0;0;0;0;0;0;0;0;0;0;0;0;0;0;0;0;0;0;0;0;0;0;0;0;0
g_ACfg.DeloaderHeavyGarment;X;BOOL;0;0;0;0;0;0;0;0;0;0;0;0;0;0;0;0;0;0;0;0;0;0;0;0;0;0;0;0;0;0;0;0;0;0;0;0;0;0;0;0;0;0;0;0;0;0;0;0;0;0;0;0;0;0;0;0;0;0;0;0;0;0;0;0;0;0;0;0;0;0;0;0;0;0;0;0;0;0;0;0;0;0;0;0;0;0;0;0;0;0;0;0;0;0;0;0;0;0;0
g_ACfg.OnTimeTrouserBlast;X;UINT;0;0;0;0;0;0;0;0;0;0;0;0;0;0;0;0;0;0;0;0;0;0;0;0;0;0;0;0;0;0;0;0;0;0;0;0;0;0;0;0;0;0;0;0;0;0;0;0;0;0;0;0;0;0;0;0;0;0;0;0;0;0;0;0;0;0;0;0;0;0;0;0;0;0;0;0;0;0;0;0;0;0;0;0;0;0;0;0;0;0;0;0;0;0;0;0;0;0;0
g_ACfg.TrouserBlowPoint;X;UINT;0;0;0;0;0;0;0;0;0;0;0;0;0;0;0;0;0;0;0;0;0;0;0;0;0;0;0;0;0;0;0;0;0;0;0;0;0;0;0;0;0;0;0;0;0;0;0;0;0;0;0;0;0;0;0;0;0;0;0;0;0;0;0;0;0;0;0;0;0;0;0;0;0;0;0;0;0;0;0;0;0;0;0;0;0;0;0;0;0;0;0;0;0;0;0;0;0;0;0
g_ACfg.PhTrousers.TwoVerticalRear;X;BOOL;0;0;1;0;1;0;0;0;0;0;0;0;0;0;0;0;0;0;0;0;0;0;0;0;0;0;0;0;0;0;0;0;0;0;0;0;0;0;0;0;0;0;0;0;0;0;0;0;0;0;0;0;0;0;0;0;0;0;0;0;0;0;0;0;0;0;0;0;0;0;0;0;0;0;0;0;0;0;0;0;0;0;0;0;0;0;0;0;0;0;0;0;0;0;0;0;0;0;1
g_ACfg.PhTrousers.UseHorizontalLead;X;BOOL;1;1;1;1;1;1;1;1;1;1;1;1;1;1;1;1;1;1;1;1;1;1;1;1;1;1;1;1;1;1;1;1;1;1;1;1;1;1;1;1;1;1;1;1;1;1;1;1;1;1;1;1;1;1;1;1;1;1;1;1;1;1;1;1;1;1;1;1;1;1;1;1;1;1;1;1;1;1;1;1;1;1;1;1;1;1;1;1;1;1;1;1;1;1;1;1;1;1;1
g_ACfg.PhTrousers.UseHorizontalRear;X;BOOL;1;0;0;0;0;0;0;0;0;0;0;0;0;0;0;0;0;0;0;0;1;0;0;0;0;0;0;0;0;0;0;0;0;0;0;0;1;0;0;0;0;0;0;0;0;0;0;0;0;0;0;0;0;0;0;0;0;0;0;0;0;0;0;0;0;0;0;0;0;0;0;0;0;0;0;0;0;0;0;0;0;0;0;0;0;0;0;0;0;0;0;0;0;0;0;0;0;0;0
g_ACfg.PhShirt.TwoVerticalRear;X;BOOL;1;1;1;1;1;1;1;1;1;1;1;1;1;1;1;1;1;1;1;1;1;1;1;1;1;1;1;1;1;1;1;1;1;1;1;1;1;1;1;1;1;1;1;1;1;1;1;1;1;1;1;1;1;1;1;1;1;1;1;1;1;1;1;1;1;1;1;1;1;1;1;1;1;1;1;1;1;1;1;1;1;1;1;1;1;1;1;1;1;1;1;1;1;1;1;1;1;1;1
g_ACfg.PhShirt.UseHorizontalLead;X;BOOL;1;1;1;1;1;1;1;1;1;1;1;1;1;1;1;1;1;1;1;1;1;1;1;1;1;1;1;1;1;1;1;1;1;1;1;1;1;1;1;1;1;1;1;1;1;1;1;1;1;1;1;1;1;1;1;1;1;1;1;1;1;1;1;1;1;1;1;1;1;1;1;1;1;1;1;1;1;1;1;1;1;1;1;1;1;1;1;1;1;1;1;1;1;1;1;1;1;1;1
g_ACfg.PhShirt.UseHorizontalRear;X;BOOL;1;1;1;1;1;1;1;1;1;1;1;1;1;1;1;1;1;1;1;1;1;1;1;1;1;1;1;1;1;1;1;1;1;1;1;1;1;1;1;1;1;1;1;1;1;1;1;1;1;1;1;1;1;1;1;1;1;1;1;1;1;1;1;1;1;1;1;1;1;1;1;1;1;1;1;1;1;1;1;1;1;1;1;1;1;1;1;1;1;1;1;1;1;1;1;1;1;1;1
g_ACfg.PhFlapTrousers.TwoVerticalRear;X;BOOL;1;1;1;1;1;1;1;1;1;1;1;1;1;1;1;1;1;1;1;1;1;1;1;1;1;1;1;1;1;1;1;1;1;1;1;1;1;1;1;1;1;1;1;1;1;1;1;1;1;1;1;1;1;1;1;1;1;1;1;1;1;1;1;1;1;1;1;1;1;1;1;1;1;1;1;1;1;1;1;1;1;1;1;1;1;1;1;1;1;1;1;1;1;1;1;1;1;1;1
g_ACfg.PhFlapTrousers.UseHorizontalLead;X;BOOL;1;1;1;1;1;1;1;1;1;1;1;1;1;1;1;1;1;1;1;1;1;1;1;1;1;1;1;1;1;1;1;1;1;1;1;1;1;1;1;1;1;1;1;1;1;1;1;1;1;1;1;1;1;1;1;1;1;1;1;1;1;1;1;1;1;1;1;1;1;1;1;1;1;1;1;1;1;1;1;1;1;1;1;1;1;1;1;1;1;1;1;1;1;1;1;1;1;1;1
g_ACfg.PhFlapTrousers.UseHorizontalRear;X;BOOL;0;0;0;0;0;0;0;0;0;0;0;0;0;0;0;0;0;0;0;0;0;0;0;0;0;0;0;0;0;0;0;0;0;0;0;0;0;0;0;0;0;0;0;0;0;0;0;0;0;0;0;0;0;0;0;0;0;0;0;0;0;0;0;0;0;0;0;0;0;0;0;0;0;0;0;0;0;0;0;0;0;0;0;0;0;0;0;0;0;0;0;0;0;0;0;0;0;0;0
g_ACfg.BypassLateralBlades;X;UINT;1;1;1;1;0;0;1;0;0;1;1;0;0;0;0;0;0;0;0;0;0;0;0;0;0;0;0;0;0;0;0;0;0;0;0;0;0;0;0;0;0;0;0;0;0;0;0;0;0;0;0;0;0;0;0;0;0;0;0;0;0;0;0;0;0;0;0;0;0;0;0;0;0;0;0;0;0;0;0;0;0;0;0;0;0;0;0;0;0;0;0;0;0;0;0;0;0;0;1
g_ACfg.TrouserAlignment;X;BOOL;0;0;0;1;1;0;1;0;0;0;0;0;0;0;0;0;0;0;0;0;0;0;0;0;0;0;0;0;0;0;0;0;0;0;0;0;0;0;0;0;0;0;0;0;0;0;0;0;0;0;0;0;0;0;0;0;0;0;0;0;0;0;0;0;0;0;0;0;0;0;0;0;0;0;0;0;0;0;0;0;0;0;0;0;0;0;0;0;0;0;0;0;0;0;0;0;0;0;0
g_ACfg.ForceTrouser;X;UINT;0;0;0;0;0;1;0;0;1;0;0;0;0;0;0;0;0;0;0;1;0;0;2;0;0;0;0;0;0;0;0;0;0;0;0;0;2;0;0;0;0;0;0;0;0;0;0;0;0;0;0;0;0;0;0;0;0;0;0;0;0;0;0;0;0;0;0;0;0;0;0;0;0;0;0;0;0;0;0;0;0;0;0;0;0;0;0;0;0;0;0;0;0;0;0;0;0;0;0
g_ACfg.Categorys[0];X;UINT;99;99;99;99;99;99;99;99;99;99;99;99;99;99;99;99;99;99;99;99;99;99;99;99;99;99;99;99;99;99;99;99;99;99;99;99;99;99;99;99;99;99;99;99;99;99;99;99;99;99;99;99;99;99;99;99;99;99;99;99;99;99;99;99;99;99;99;99;99;99;99;99;99;99;99;99;99;99;99;99;99;99;99;99;99;99;99;99;99;99;99;99;99;99;99;99;99;99;99
g_ACfg.Categorys[1];X;UINT;25;38;25;31;2;34;72;5;18;86;11;12;1;1;1;1;1;50;50;1;18;1;1;3;1;3;2;1;1;1;1;1;1;1;2;2;2;16;16;1;1;50;50;50;50;50;50;50;50;50;50;50;50;50;50;50;50;50;1;50;50;50;50;50;50;50;50;50;50;50;50;72;50;50;50;50;50;50;50;50;50;50;50;50;50;50;50;50;50;50;50;50;50;50;50;50;50;50;95
g_ACfg.Categorys[2];X;UINT;10;9;20;4;26;34;72;3;18;88;11;12;3;3;3;3;3;59;59;3;18;3;1;3;3;3;2;3;3;3;3;3;3;3;2;2;2;1;1;3;3;59;59;59;59;59;59;59;59;59;59;59;59;59;59;59;59;59;3;59;59;59;59;59;59;59;59;59;59;59;59;59;59;59;59;59;59;59;59;59;59;59;59;59;59;59;59;59;59;59;59;59;59;59;59;59;59;59;96
g_ACfg.Categorys[3];X;UINT;11;31;21;5;8;34;72;4;18;88;11;12;4;4;4;4;4;60;60;4;18;4;1;3;4;3;2;4;4;4;4;4;4;4;2;2;2;1;1;4;4;60;60;60;60;60;60;60;60;60;60;60;60;60;60;60;60;60;4;60;60;60;60;60;60;60;60;60;60;60;60;60;60;60;60;60;60;60;60;60;60;60;60;60;60;60;60;60;60;60;60;60;60;60;60;60;60;60;97
g_ACfg.Categorys[4];X;UINT;12;15;22;17;14;34;72;3;18;88;11;12;1;1;1;1;1;61;61;1;18;1;1;3;1;3;2;1;1;1;1;1;1;1;2;2;2;1;1;1;1;61;61;61;61;61;61;61;61;61;61;61;61;61;61;61;61;61;1;61;61;61;61;61;61;61;61;61;61;61;61;61;61;61;61;61;61;61;61;61;61;61;61;61;61;61;61;61;61;61;61;61;61;61;61;61;61;61;98
g_ACfg.Categorys[5];X;UINT;13;52;23;36;16;34;72;1;18;88;11;12;1;1;1;1;1;62;62;1;18;1;1;3;1;3;3;1;1;1;1;1;1;1;3;3;3;1;1;1;1;62;62;62;62;62;62;62;62;62;62;62;62;62;62;62;62;62;1;62;62;62;62;62;62;62;62;62;62;62;62;62;62;62;62;62;62;62;62;62;62;62;62;62;62;62;62;62;62;62;62;62;62;62;62;62;62;62;99
g_ACfg.Categorys[6];X;UINT;88;88;88;0;0;88;0;99;99;99;99;99;99;99;99;99;99;99;99;99;99;99;99;99;99;99;99;99;99;99;99;99;99;99;99;99;99;99;99;99;99;99;99;99;99;99;99;99;99;99;99;99;99;99;99;99;99;99;99;99;99;99;99;99;99;99;99;99;99;99;99;99;99;99;99;99;99;99;99;99;99;99;99;99;99;99;99;99;99;99;99;99;99;99;99;99;99;99;99
g_ACfg.LenghtPoints[0];X;UINT;800;800;800;800;800;800;800;0;0;0;0;0;0;0;0;0;0;0;0;0;0;0;0;0;0;0;0;0;0;0;0;0;0;0;0;0;0;0;0;0;0;0;0;0;0;0;0;0;0;0;0;0;0;0;0;0;0;0;0;0;0;0;0;0;0;0;0;0;0;0;0;0;0;0;0;0;0;0;0;0;0;0;0;0;0;0;0;0;0;0;0;0;0;0;0;0;0;0;800
g_ACfg.LenghtPoints[1];X;UINT;800;900;850;900;900;1400;2400;1100;900;1150;100;100;850;900;900;900;900;900;900;900;900;900;900;900;900;900;900;900;900;900;900;900;900;900;900;900;900;900;1200;900;900;900;900;900;900;900;900;900;900;900;900;900;900;900;900;900;900;900;900;900;900;900;900;900;900;900;900;900;900;900;900;900;900;900;900;900;900;900;900;900;900;900;900;900;900;900;900;900;900;900;900;900;900;900;900;900;900;900;700
g_ACfg.LenghtPoints[2];X;UINT;900;1000;950;1000;1400;1400;2400;1400;980;1400;100;100;1400;980;980;980;980;980;980;980;980;980;980;980;2400;980;980;980;980;980;980;980;980;980;980;980;980;980;0;980;980;980;980;980;980;980;980;980;980;980;980;980;980;980;980;980;980;980;980;980;980;980;980;980;980;980;980;980;980;980;980;980;980;980;980;980;980;980;980;980;980;980;980;980;980;980;980;980;980;980;980;980;980;980;980;980;980;980;1000
g_ACfg.LenghtPoints[3];X;UINT;1800;1300;1400;1400;1300;1400;2400;1400;1400;1400;100;100;1400;1400;1400;1400;1400;1400;1400;1400;1400;1400;1400;1400;1400;1400;1400;1400;1400;1400;1400;1400;1400;1400;1400;1400;1400;1400;0;1400;1400;1400;1400;1400;1400;1400;1400;1400;1400;1400;1400;1400;1400;1400;1400;1400;1400;1400;1400;1400;1400;1400;1400;1400;1400;1400;1400;1400;1400;1400;1400;1400;1400;1400;1400;1400;1400;1400;1400;1400;1400;1400;1400;1400;1400;1400;1400;1400;1400;1400;1400;1400;1400;1400;1400;1400;1400;1400;1400
g_ACfg.LenghtPoints[4];X;UINT;1300;1600;1300;1600;800;1400;2400;1400;1300;1400;2500;2500;0;1300;1300;1300;1300;1300;1300;1300;1300;1300;1300;1300;1300;2400;2400;1300;1300;1300;1300;1300;1300;1300;2400;2400;2400;1300;0;1300;1300;1300;1300;1300;1300;1300;1300;1300;1300;1300;1300;1300;1300;1300;1300;1300;1300;1300;1300;1300;1300;1300;1300;1300;1300;1300;1300;1300;1300;1300;1300;1300;1300;1300;1300;1300;1300;1300;1300;1300;1300;1300;1300;1300;1300;1300;1300;1300;1300;1300;1300;1300;1300;1300;1300;1300;1300;1300;1300
g_ACfg.LenghtPoints[5];X;UINT;2400;2400;2400;2400;2400;1400;2400;2400;2400;1400;2500;2500;2400;2400;2400;2400;2400;2400;2400;2400;2400;2400;2400;2400;2400;2400;2400;2400;2400;2400;2400;2400;2400;2400;2400;2400;2400;2400;0;2400;2400;2400;2400;2400;2400;2400;2400;2400;2400;2400;2400;2400;2400;2400;2400;2400;2400;2400;2400;2400;2400;2400;2400;2400;2400;2400;2400;2400;2400;2400;2400;2400;2400;2400;2400;2400;2400;2400;2400;2400;2400;2400;2400;2400;2400;2400;2400;2400;2400;2400;2400;2400;2400;2400;2400;2400;2400;2400;2400
g_ACfg.LenghtPoints[6];X;UINT;0;0;0;0;0;0;0;0;0;0;0;0;0;0;0;0;0;0;0;0;0;0;0;0;0;0;0;0;0;0;0;0;0;0;0;0;0;0;0;0;0;0;0;0;0;0;0;0;0;0;0;0;0;0;0;0;0;0;0;0;0;0;0;0;0;0;0;0;0;0;0;0;0;0;0;0;0;0;0;0;0;0;0;0;0;0;0;0;0;0;0;0;0;0;0;0;0;0;0
g_ACfg.Trouser[0];X;UINT;1;1;1;1;1;1;1;1;1;1;1;1;1;1;1;1;1;1;1;1;1;1;1;1;1;1;1;1;1;1;1;1;1;1;1;1;1;1;1;1;1;1;1;1;1;1;1;1;1;1;1;1;1;1;1;1;1;1;1;1;1;1;1;1;1;1;1;1;1;1;1;1;1;1;1;1;1;1;1;1;1;1;1;1;1;1;1;1;1;1;1;1;1;1;1;1;1;1;1
g_ACfg.Trouser[1];X;UINT;3;3;3;3;1;2;1;1;3;3;1;1;1;3;1;1;1;1;1;3;3;1;1;3;1;3;1;1;1;1;1;1;1;1;1;1;1;3;3;1;1;1;1;1;1;1;1;1;1;1;1;1;1;1;1;1;1;1;1;1;1;1;1;1;1;1;1;1;1;1;1;1;1;1;1;1;1;1;1;1;1;1;1;1;1;1;1;1;1;1;1;1;1;1;1;1;1;1;3
g_ACfg.Trouser[2];X;UINT;1;1;1;1;3;2;1;1;3;3;3;3;3;1;1;1;1;1;1;3;3;3;1;3;3;3;1;3;3;3;3;3;3;3;1;1;1;1;1;3;3;1;1;1;1;1;1;1;1;1;1;1;1;1;1;1;1;1;1;1;1;1;1;1;1;1;1;1;1;1;1;1;1;1;1;1;1;1;1;1;1;1;1;1;1;1;1;1;1;1;1;1;1;1;1;1;1;1;1
g_ACfg.Trouser[3];X;UINT;3;3;3;3;1;2;1;3;1;3;1;1;1;1;1;3;3;3;3;1;3;1;1;3;1;3;1;1;1;1;1;1;1;1;1;1;1;1;1;1;1;3;3;3;3;3;3;3;3;3;3;3;3;3;3;3;3;3;3;3;3;3;3;3;3;3;3;3;3;3;3;3;3;3;3;3;3;3;3;3;3;3;3;3;3;3;3;3;3;3;3;3;3;3;3;3;3;3;3
g_ACfg.Trouser[4];X;UINT;1;1;1;1;3;2;1;1;1;3;1;1;1;1;1;1;1;1;1;1;3;1;1;3;1;3;1;1;1;1;1;1;1;1;1;1;1;1;1;1;1;1;1;1;1;1;1;1;1;1;1;1;1;1;1;1;1;1;1;1;1;1;1;1;1;1;1;1;1;1;1;1;1;1;1;1;1;1;1;1;1;1;1;1;1;1;1;1;1;1;1;1;1;1;1;1;1;1;1
g_ACfg.Trouser[5];X;UINT;1;1;1;1;1;2;1;1;1;3;1;1;1;1;1;1;1;1;1;1;1;1;1;3;1;1;3;1;1;1;1;1;1;1;3;3;3;1;1;1;1;1;1;1;1;1;1;1;1;1;1;1;1;1;1;1;1;1;1;1;1;1;1;1;1;1;1;1;1;1;1;1;1;1;1;1;1;1;1;1;1;1;1;1;1;1;1;1;1;1;1;1;1;1;1;1;1;1;1
g_ACfg.Trouser[6];X;UINT;0;0;0;0;0;0;0;0;0;0;0;0;0;0;0;0;0;0;0;0;0;0;0;0;0;0;0;0;0;0;0;0;0;0;0;0;0;0;0;0;0;0;0;0;0;0;0;0;0;0;0;0;0;0;0;0;0;0;0;0;0;0;0;0;0;0;0;0;0;0;0;0;0;0;0;0;0;0;0;0;0;0;0;0;0;0;0;0;0;0;0;0;0;0;0;0;0;0;0
g_ACfg.FlapTrouserDetectionOn;X;BOOL;0;0;0;0;0;0;0;0;0;0;0;0;0;0;0;0;0;0;0;0;0;0;0;0;0;0;0;0;0;0;0;0;0;0;0;0;0;0;0;0;0;0;0;0;0;0;0;0;0;0;0;0;0;0;0;0;0;0;0;0;0;0;0;0;0;0;0;0;0;0;0;0;0;0;0;0;0;0;0;0;0;0;0;0;0;0;0;0;0;0;0;0;0;0;0;0;0;0;0
g_ACfg.FlapTrousersAlignment;X;BOOL;0;0;0;0;0;0;0;0;0;0;0;0;0;0;0;0;0;0;0;0;0;0;0;0;0;0;0;0;0;0;0;0;0;0;0;0;0;0;0;0;0;0;0;0;0;0;0;0;0;0;0;0;0;0;0;0;0;0;0;0;0;0;0;0;0;0;0;0;0;0;0;0;0;0;0;0;0;0;0;0;0;0;0;0;0;0;0;0;0;0;0;0;0;0;0;0;0;0;0
g_ACfg.FlapTrousersAirBlastOnTime;X;UINT;0;0;0;0;0;100;0;0;0;0;0;0;0;0;0;0;0;0;0;0;0;0;0;0;0;0;0;0;0;0;0;0;0;0;0;0;0;0;0;0;0;0;0;0;0;0;0;0;0;0;0;0;0;0;0;0;0;0;0;0;0;0;0;0;0;0;0;0;0;0;0;0;0;0;0;0;0;0;0;0;0;0;0;0;0;0;0;0;0;0;0;0;0;0;0;0;0;0;0
g_ACfg.FlapTrousersAirBlastStartDelay;X;UINT;0;0;0;0;0;1333;0;0;0;0;0;0;0;0;0;0;0;0;0;0;0;0;0;0;0;0;0;0;0;0;0;0;0;0;0;0;0;0;0;0;0;0;0;0;0;0;0;0;0;0;0;0;0;0;0;0;0;0;0;0;0;0;0;0;0;0;0;0;0;0;0;0;0;0;0;0;0;0;0;0;0;0;0;0;0;0;0;0;0;0;0;0;0;0;0;0;0;0;0
g_ACfg.XtremeHeavy;X;BOOL;0;0;0;1;0;0;1;1;0;0;0;0;0;0;0;0;0;0;0;0;0;0;0;0;0;0;0;0;0;0;0;0;0;0;0;0;0;0;0;0;0;0;0;0;0;0;0;0;0;0;0;0;0;0;0;0;0;0;0;0;0;0;0;0;0;0;0;0;0;0;0;0;0;0;0;0;0;0;0;0;0;0;0;0;0;0;0;0;0;0;0;0;0;0;0;0;0;0;0
g_ACfg.XtremeRaiseBlades;X;BOOL;0;0;0;0;0;0;1;1;0;0;0;0;0;0;0;0;0;0;0;0;0;0;0;0;0;0;0;0;0;0;0;0;0;0;0;0;0;0;0;0;0;0;0;0;0;0;0;0;0;0;0;0;0;0;0;0;0;0;0;0;0;0;0;0;0;0;0;0;0;0;0;0;0;0;0;0;0;0;0;0;0;0;0;0;0;0;0;0;0;0;0;0;0;0;0;0;0;0;0
g_ACfg.XtremeGuideplates;X;BOOL;0;0;0;0;0;0;0;0;0;0;0;0;0;0;0;0;0;0;0;0;0;0;0;0;0;0;0;0;0;0;0;0;0;0;0;0;0;0;0;0;0;0;0;0;0;0;0;0;0;0;0;0;0;0;0;0;0;0;0;0;0;0;0;0;0;0;0;0;0;0;0;0;0;0;0;0;0;0;0;0;0;0;0;0;0;0;0;0;0;0;0;0;0;0;0;0;0;0;0
g_ACfg.DelayStopInlet;X;UINT;1200;700;1200;500;800;1500;1200;50;50;50;50;50;50;50;50;50;50;50;50;50;50;50;50;50;50;50;50;50;50;50;50;50;50;50;50;50;50;50;50;50;50;50;50;50;50;50;50;50;50;50;50;50;50;50;50;50;50;50;50;50;50;50;50;50;50;50;50;50;50;50;50;50;50;50;50;50;50;50;50;50;50;50;50;50;50;50;50;50;50;50;50;50;50;50;50;50;50;50;1200
g_ACfg.TrouserBlowEnable;X;BOOL;1;1;1;1;1;0;1;1;1;1;1;1;1;1;1;1;1;1;1;1;1;1;1;1;1;1;1;1;1;1;1;1;1;1;1;1;1;1;1;1;1;1;1;1;1;1;1;1;1;1;1;1;1;1;1;1;1;1;1;1;1;1;1;1;1;1;1;1;1;1;1;1;1;1;1;1;1;1;1;1;1;1;1;1;1;1;1;1;1;1;1;1;1;1;1;1;1;1;1
g_ACfg.TrouserBlowAdjust;X;INT;500;500;500;500;1300;1300;1300;1300;1300;1300;1300;1300;1300;1300;1300;1300;1300;1300;1300;1300;1300;1300;1300;1300;1300;1300;1300;1300;1300;1300;1300;1300;1300;1300;1300;1300;1300;1300;1300;1300;1300;1300;1300;1300;1300;1300;1300;1300;1300;1300;1300;1300;1300;1300;1300;1300;1300;1300;1300;1300;1300;1300;1300;1300;1300;1300;1300;1300;1300;1300;1300;1300;1300;1300;1300;1300;1300;1300;1300;1300;1300;1300;1300;1300;1300;1300;1300;1300;1300;1300;1300;1300;1300;1300;1300;1300;1300;1300;800
g_ACfg.TrouserBlowTimeAdjust;X;INT;20;75;75;75;0;0;75;75;75;75;75;75;75;75;75;75;75;75;75;75;75;75;75;75;75;75;75;75;75;75;75;75;75;75;75;75;75;75;75;75;75;75;75;75;75;75;75;75;75;75;75;75;75;75;75;75;75;75;75;75;75;75;75;75;75;75;75;75;75;75;75;75;75;75;75;75;75;75;75;75;75;75;75;75;75;75;75;75;75;75;75;75;75;75;75;75;75;75;20
g_ACfg.TrouserBlowCountAdjust;X;SINT;1;1;1;1;1;1;1;1;1;1;1;1;1;1;1;1;1;1;1;1;1;1;1;1;1;1;1;1;1;1;1;1;1;1;1;1;1;1;1;1;1;1;1;1;1;1;1;1;1;1;1;1;1;1;1;1;1;1;1;1;1;1;1;1;1;1;1;1;1;1;1;1;1;1;1;1;1;1;1;1;1;1;1;1;1;1;1;1;1;1;1;1;1;1;1;1;1;1;1
g_ACfg.TrouserBlowGapAdjust;X;INT;200;200;200;200;200;200;200;200;200;200;200;200;200;200;200;200;200;200;200;200;200;200;200;200;200;200;200;200;200;200;200;200;200;200;200;200;200;200;200;200;200;200;200;200;200;200;200;200;200;200;200;200;200;200;200;200;200;200;200;200;200;200;200;200;200;200;200;200;200;200;200;200;200;200;200;200;200;200;200;200;200;200;200;200;200;200;200;200;200;200;200;200;200;200;200;200;200;200;200
g_ACfg.FullIndexingTime[0];X;UINT;1000;1000;1000;1000;1000;1000;1000;1000;1000;1000;1000;1000;1000;1000;1000;1000;1000;1000;1000;1000;1000;1000;1000;1000;1000;1000;1000;1000;1000;1000;1000;1000;1000;1000;1000;1000;1000;1000;1000;1000;1000;1000;1000;1000;1000;1000;1000;1000;1000;1000;1000;1000;1000;1000;1000;1000;1000;1000;1000;1000;1000;1000;1000;1000;1000;1000;1000;1000;1000;1000;1000;1000;1000;1000;1000;1000;1000;1000;1000;1000;1000;1000;1000;1000;1000;1000;1000;1000;1000;1000;1000;1000;1000;1000;1000;1000;1000;1000;1000
g_ACfg.FullIndexingTime[1];X;UINT;1300;1300;1300;1300;1300;1300;1300;2000;2000;1300;2000;2000;2000;2000;2000;2000;2000;2000;2000;2000;2000;2000;2000;2000;2000;2000;2000;2000;2000;2000;2000;2000;2000;2000;2000;2000;2000;2000;2000;2000;2000;2000;2000;2000;2000;2000;2000;2000;2000;2000;2000;2000;2000;2000;2000;2000;2000;2000;2000;2000;2000;2000;2000;2000;2000;2000;2000;2000;2000;2000;2000;2000;2000;2000;2000;2000;2000;2000;2000;2000;2000;2000;2000;2000;2000;2000;2000;2000;2000;2000;2000;2000;2000;2000;2000;2000;2000;2000;2000
g_ACfg.FullIndexingTime[2];X;UINT;2000;2000;2000;2000;2000;2000;2000;2000;2000;2000;2000;2000;2000;2000;2000;2000;2000;2000;2000;2000;2000;2000;2000;2000;2000;2000;2000;2000;2000;2000;2000;2000;2000;2000;2000;2000;2000;2000;2000;2000;2000;2000;2000;2000;2000;2000;2000;2000;2000;2000;2000;2000;2000;2000;2000;2000;2000;2000;2000;2000;2000;2000;2000;2000;2000;2000;2000;2000;2000;2000;2000;2000;2000;2000;2000;2000;2000;2000;2000;2000;2000;2000;2000;2000;2000;2000;2000;2000;2000;2000;2000;2000;2000;2000;2000;2000;2000;2000;2000
g_ACfg.FullIndexingTime[3];X;UINT;2000;2000;2000;2000;2000;2000;2000;2000;2000;2000;2000;2000;2000;2000;2000;2000;2000;2000;2000;2000;2000;2000;2000;2000;2000;2000;2000;2000;2000;2000;2000;2000;2000;2000;2000;2000;2000;2000;2000;2000;2000;2000;2000;2000;2000;2000;2000;2000;2000;2000;2000;2000;2000;2000;2000;2000;2000;2000;2000;2000;2000;2000;2000;2000;2000;2000;2000;2000;2000;2000;2000;2000;2000;2000;2000;2000;2000;2000;2000;2000;2000;2000;2000;2000;2000;2000;2000;2000;2000;2000;2000;2000;2000;2000;2000;2000;2000;2000;2000
g_ACfg.FullIndexingTime[4];X;UINT;2150;2000;2000;2000;2000;2000;2000;2000;2000;2000;2000;2000;2000;2000;2000;2000;2000;2000;2000;2000;2000;2000;2000;2000;2000;2000;2000;2000;2000;2000;2000;2000;2000;2000;2000;2000;2000;2000;2000;2000;2000;2000;2000;2000;2000;2000;2000;2000;2000;2000;2000;2000;2000;2000;2000;2000;2000;2000;2000;2000;2000;2000;2000;2000;2000;2000;2000;2000;2000;2000;2000;2000;2000;2000;2000;2000;2000;2000;2000;2000;2000;2000;2000;2000;2000;2000;2000;2000;2000;2000;2000;2000;2000;2000;2000;2000;2000;2000;2000
g_ACfg.FullIndexingTime[5];X;UINT;2000;2000;2000;2000;2000;2000;2000;2000;2000;2000;2000;2000;2000;2000;2000;2000;2000;2000;2000;2000;2000;2000;2000;2000;2000;2000;2000;2000;2000;2000;2000;2000;2000;2000;2000;2000;2000;2000;2000;2000;2000;2000;2000;2000;2000;2000;2000;2000;2000;2000;2000;2000;2000;2000;2000;2000;2000;2000;2000;2000;2000;2000;2000;2000;2000;2000;2000;2000;2000;2000;2000;2000;2000;2000;2000;2000;2000;2000;2000;2000;2000;2000;2000;2000;2000;2000;2000;2000;2000;2000;2000;2000;2000;2000;2000;2000;2000;2000;2000
g_ACfg.FullIndexingTime[6];X;UINT;2144;2000;2000;2000;2000;2000;2000;2000;2000;2000;2000;2000;2000;2000;2000;2000;2000;2000;2000;2000;2000;2000;2000;2000;2000;2000;2000;2000;2000;2000;2000;2000;2000;2000;2000;2000;2000;2000;2000;2000;2000;2000;2000;2000;2000;2000;2000;2000;2000;2000;2000;2000;2000;2000;2000;2000;2000;2000;2000;2000;2000;2000;2000;2000;2000;2000;2000;2000;2000;2000;2000;2000;2000;2000;2000;2000;2000;2000;2000;2000;2000;2000;2000;2000;2000;2000;2000;2000;2000;2000;2000;2000;2000;2000;2000;2000;2000;2000;2000
g_ACfg.FullIndexingTime[7];X;UINT;2000;2000;2000;2000;2000;2000;2000;2000;2000;2000;2000;2000;2000;2000;2000;2000;2000;2000;2000;2000;2000;2000;2000;2000;2000;2000;2000;2000;2000;2000;2000;2000;2000;2000;2000;2000;2000;2000;2000;2000;2000;2000;2000;2000;2000;2000;2000;2000;2000;2000;2000;2000;2000;2000;2000;2000;2000;2000;2000;2000;2000;2000;2000;2000;2000;2000;2000;2000;2000;2000;2000;2000;2000;2000;2000;2000;2000;2000;2000;2000;2000;2000;2000;2000;2000;2000;2000;2000;2000;2000;2000;2000;2000;2000;2000;2000;2000;2000;2000
g_ACfg.FullIndexingTime[8];X;UINT;2000;2000;2000;2000;2000;2000;2000;2000;2000;2000;2000;2000;2000;2000;2000;2000;2000;2000;2000;2000;2000;2000;2000;2000;2000;2000;2000;2000;2000;2000;2000;2000;2000;2000;2000;2000;2000;2000;2000;2000;2000;2000;2000;2000;2000;2000;2000;2000;2000;2000;2000;2000;2000;2000;2000;2000;2000;2000;2000;2000;2000;2000;2000;2000;2000;2000;2000;2000;2000;2000;2000;2000;2000;2000;2000;2000;2000;2000;2000;2000;2000;2000;2000;2000;2000;2000;2000;2000;2000;2000;2000;2000;2000;2000;2000;2000;2000;2000;2000
g_ACfg.FullIndexingTime[9];X;UINT;2000;2000;2000;2000;2000;2000;2000;2000;2000;2000;2000;2000;2000;2000;2000;2000;2000;2000;2000;2000;2000;2000;2000;2000;2000;2000;2000;2000;2000;2000;2000;2000;2000;2000;2000;2000;2000;2000;2000;2000;2000;2000;2000;2000;2000;2000;2000;2000;2000;2000;2000;2000;2000;2000;2000;2000;2000;2000;2000;2000;2000;2000;2000;2000;2000;2000;2000;2000;2000;2000;2000;2000;2000;2000;2000;2000;2000;2000;2000;2000;2000;2000;2000;2000;2000;2000;2000;2000;2000;2000;2000;2000;2000;2000;2000;2000;2000;2000;2000
g_ACfg.FullIndexingTime[10];X;UINT;2000;2000;2000;2000;2000;2000;2000;2000;2000;2000;2000;2000;2000;2000;2000;2000;2000;2000;2000;2000;2000;2000;2000;2000;2000;2000;2000;2000;2000;2000;2000;2000;2000;2000;2000;2000;2000;2000;2000;2000;2000;2000;2000;2000;2000;2000;2000;2000;2000;2000;2000;2000;2000;2000;2000;2000;2000;2000;2000;2000;2000;2000;2000;2000;2000;2000;2000;2000;2000;2000;2000;2000;2000;2000;2000;2000;2000;2000;2000;2000;2000;2000;2000;2000;2000;2000;2000;2000;2000;2000;2000;2000;2000;2000;2000;2000;2000;2000;2000
g_ACfg.Extra[0];X;UINT;0;0;0;0;0;0;0;0;0;0;0;0;0;0;0;0;0;0;0;0;0;0;0;0;0;0;0;0;0;0;0;0;0;0;0;0;0;0;0;0;0;0;0;0;0;0;0;0;0;0;0;0;0;0;0;0;0;0;0;0;0;0;0;0;0;0;0;0;0;0;0;0;0;0;0;0;0;0;0;0;0;0;0;0;0;0;0;0;0;0;0;0;0;0;0;0;0;0;0
g_ACfg.Extra[1];X;UINT;0;0;0;0;0;0;0;0;0;0;0;0;0;0;0;0;0;0;0;0;0;0;0;0;0;0;0;0;0;0;0;0;0;0;0;0;0;0;0;0;0;0;0;0;0;0;0;0;0;0;0;0;0;0;0;0;0;0;0;0;0;0;0;0;0;0;0;0;0;0;0;0;0;0;0;0;0;0;0;0;0;0;0;0;0;0;0;0;0;0;0;0;0;0;0;0;0;0;0
g_ACfg.Extra[2];X;UINT;0;0;0;0;0;0;0;0;0;0;0;0;0;0;0;0;0;0;0;0;0;0;0;0;0;0;0;0;0;0;0;0;0;0;0;0;0;0;0;0;0;0;0;0;0;0;0;0;0;0;0;0;0;0;0;0;0;0;0;0;0;0;0;0;0;0;0;0;0;0;0;0;0;0;0;0;0;0;0;0;0;0;0;0;0;0;0;0;0;0;0;0;0;0;0;0;0;0;0
g_ACfg.Extra[3];X;UINT;0;0;0;0;0;0;0;0;0;0;0;0;0;0;0;0;0;0;0;0;0;0;0;0;0;0;0;0;0;0;0;0;0;0;0;0;0;0;0;0;0;0;0;0;0;0;0;0;0;0;0;0;0;0;0;0;0;0;0;0;0;0;0;0;0;0;0;0;0;0;0;0;0;0;0;0;0;0;0;0;0;0;0;0;0;0;0;0;0;0;0;0;0;0;0;0;0;0;0
g_ACfg.Extra[4];X;UINT;0;0;0;0;0;0;0;0;0;0;0;0;0;0;0;0;0;0;0;0;0;0;0;0;0;0;0;0;0;0;0;0;0;0;0;0;0;0;0;0;0;0;0;0;0;0;0;0;0;0;0;0;0;0;0;0;0;0;0;0;0;0;0;0;0;0;0;0;0;0;0;0;0;0;0;0;0;0;0;0;0;0;0;0;0;0;0;0;0;0;0;0;0;0;0;0;0;0;0
g_ACfg.Extra[5];X;UINT;0;0;0;0;0;0;0;0;0;0;0;0;0;0;0;0;0;0;0;0;0;0;0;0;0;0;0;0;0;0;0;0;0;0;0;0;0;0;0;0;0;0;0;0;0;0;0;0;0;0;0;0;0;0;0;0;0;0;0;0;0;0;0;0;0;0;0;0;0;0;0;0;0;0;0;0;0;0;0;0;0;0;0;0;0;0;0;0;0;0;0;0;0;0;0;0;0;0;0
